exp_id,num_clients,distribution,dist_label,dirichlet_alpha,aggregator,regularization,optimizer,div_group,final_global_val,best_global_val,final_local_train,final_local_val,mean_grad_div,final_grad_div,baseline_final_val,fl_vs_baseline,total_min,clients
c32_dirichlet0.1_fedadam_fedprox_adam,32,dirichlet,dirichlet α=0.1,0.1,fedadam,fedprox,adam,"adam(w), fedprox",5.15526704788208,5.15526704788208,5.226478199064731,5.1313610419631,0.5491990618407726,0.6627333797514439,4.1890819549560545,0.9661850929260254,58.181398912270865,32 clients
c32_dirichlet0.1_fedadam_fedprox_adamw,32,dirichlet,dirichlet α=0.1,0.1,fedadam,fedprox,adamw,"adam(w), fedprox",5.150415015220642,5.150415015220642,5.224239827096462,5.126216572523117,0.5492720716167241,0.6617998471483588,4.180579710006714,0.9698353052139286,56.36406614780426,32 clients
c32_dirichlet0.1_fedadam_fedprox_sgd,32,dirichlet,dirichlet α=0.1,0.1,fedadam,fedprox,sgd,"sgd, fedprox",5.452037620544433,5.452037620544433,5.398981991112233,5.372782777249813,0.47072995561175046,0.6032429030165076,5.393619537353516,0.05841808319091779,59.20707613627116,32 clients
c32_dirichlet0.1_fedadam_none_adam,32,dirichlet,dirichlet α=0.1,0.1,fedadam,none,adam,"adam(w), none",5.988773608207703,5.988773608207703,5.882630490958691,5.803240916132927,0.41478465171530843,0.45928316563367844,4.189389371871949,1.7993842363357544,41.56291937430699,32 clients
c32_dirichlet0.1_fedadam_none_adamw,32,dirichlet,dirichlet α=0.1,0.1,fedadam,none,adamw,"adam(w), none",5.9987904071807865,5.9987904071807865,5.8905535367131225,5.810409960895777,0.40210945922881364,0.4481377489864826,4.1843037605285645,1.814486646652222,14.561386052767435,32 clients
c32_dirichlet0.1_fedadam_none_sgd,32,dirichlet,dirichlet α=0.1,0.1,fedadam,none,sgd,"sgd, none",5.432641458511353,5.432641458511353,5.3708101922273634,5.3515676110982895,0.47110139918513594,0.6060289507731795,5.392201852798462,0.040439605712890625,45.09482458035151,32 clients
c32_dirichlet0.1_fedavg_fedprox_adam,32,dirichlet,dirichlet α=0.1,0.1,fedavg,fedprox,adam,"adam(w), fedprox",5.834551858901977,5.834551858901977,5.881293695867061,5.692586183547974,0.5268580503296107,0.6218820093199611,4.1897319793701175,1.6448198795318598,18.290325705210368,32 clients
c32_dirichlet0.1_fedavg_fedprox_adamw,32,dirichlet,dirichlet α=0.1,0.1,fedavg,fedprox,adamw,"adam(w), fedprox",5.834266924858094,5.834266924858094,5.884416688978671,5.694428605586291,0.5281174008268863,0.624813069589436,4.180303478240967,1.6539634466171265,18.56138199965159,32 clients
c32_dirichlet0.1_fedavg_fedprox_sgd,32,dirichlet,dirichlet α=0.1,0.1,fedavg,fedprox,sgd,"sgd, fedprox",6.014527702331543,6.014527702331543,5.991194245219231,5.943756335973739,0.5557469188468531,0.6475032400339842,5.391649150848389,0.6228785514831543,18.024790100256602,32 clients
c32_dirichlet0.1_fedavg_none_adam,32,dirichlet,dirichlet α=0.1,0.1,fedavg,none,adam,"adam(w), none",5.3752450227737425,5.3752450227737425,5.346840807199478,5.259029425680637,0.5003669623285532,0.6033710232004523,4.189517831802368,1.1857271909713747,14.10643039147059,32 clients
c32_dirichlet0.1_fedavg_none_adamw,32,dirichlet,dirichlet α=0.1,0.1,fedavg,none,adamw,"adam(w), none",5.37699830532074,5.37699830532074,5.348734341859817,5.260357366502285,0.47702944856137036,0.570642969571054,4.182284355163574,1.1947139501571655,14.286487460136414,32 clients
c32_dirichlet0.1_fedavg_none_sgd,32,dirichlet,dirichlet α=0.1,0.1,fedavg,none,sgd,"sgd, none",5.966578578948974,5.966578578948974,5.940097255408764,5.902928302437067,0.556685582571663,0.6487415889278054,5.3907434940338135,0.5758350849151608,13.513907738526662,32 clients
c32_dirichlet0.5_fedadam_fedprox_adam,32,dirichlet,dirichlet α=0.5,0.5,fedadam,fedprox,adam,"adam(w), fedprox",5.16313488483429,5.16313488483429,5.248691934645176,5.1409305527806275,0.5027320271823555,0.6408325470983982,4.190676975250244,0.9724579095840458,18.627653551101684,32 clients
c32_dirichlet0.5_fedadam_fedprox_adamw,32,dirichlet,dirichlet α=0.5,0.5,fedadam,fedprox,adamw,"adam(w), fedprox",5.159117937088013,5.159117937088013,5.248912883400916,5.138644186407328,0.5033134121913463,0.641131890937686,4.183799695968628,0.9753182411193846,19.983083705107372,32 clients
c32_dirichlet0.5_fedadam_fedprox_sgd,32,dirichlet,dirichlet α=0.5,0.5,fedadam,fedprox,sgd,"sgd, fedprox",5.451034140586853,5.451034140586853,5.439182735085488,5.402371472865343,0.3967197369784117,0.5618042154237628,5.395206356048584,0.055827784538268865,18.139301562309264,32 clients
c32_dirichlet0.5_fedadam_none_adam,32,dirichlet,dirichlet α=0.5,0.5,fedadam,none,adam,"adam(w), none",6.064161682128907,6.064161682128907,6.05359257131815,5.973064894974232,0.3337800464592874,0.40264279674738646,4.191080951690674,1.8730807304382324,14.9212895433108,32 clients
c32_dirichlet0.5_fedadam_none_adamw,32,dirichlet,dirichlet α=0.5,0.5,fedadam,none,adamw,"adam(w), none",6.070522022247315,6.070522022247315,6.0598634538054466,5.978411822766065,0.3215876521542668,0.38910973351448774,4.181219291687012,1.8893027305603027,15.396657800674438,32 clients
c32_dirichlet0.5_fedadam_none_sgd,32,dirichlet,dirichlet α=0.5,0.5,fedadam,none,sgd,"sgd, none",5.433948755264282,5.433948755264282,5.417733396589756,5.386843942850828,0.39149982631206515,0.5614573275670409,5.392149209976196,0.04179954528808594,13.612785422801972,32 clients
c32_dirichlet0.5_fedavg_fedprox_adam,32,dirichlet,dirichlet α=0.5,0.5,fedavg,fedprox,adam,"adam(w), fedprox",5.715062212944031,5.715062212944031,5.840918343961238,5.661704755574465,0.4848336278926581,0.6013227747753263,4.190437126159668,1.5246250867843631,80.93918435176214,32 clients
c32_dirichlet0.5_fedavg_fedprox_adamw,32,dirichlet,dirichlet α=0.5,0.5,fedavg,fedprox,adamw,"adam(w), fedprox",5.717133259773254,5.717133259773254,5.84471460968256,5.664464498311281,0.4862508508376777,0.6045631496235728,4.184765481948853,1.5323677778244011,86.81807442506154,32 clients
c32_dirichlet0.5_fedavg_fedprox_sgd,32,dirichlet,dirichlet α=0.5,0.5,fedavg,fedprox,sgd,"sgd, fedprox",5.955311298370361,5.955311298370361,5.995845078229904,5.946921891719103,0.5040853321086616,0.6258044373244047,5.3910698890686035,0.5642414093017578,18.39847910006841,32 clients
c32_dirichlet0.5_fedavg_none_adam,32,dirichlet,dirichlet α=0.5,0.5,fedavg,none,adam,"adam(w), none",5.259642791748047,5.259642791748047,5.319557432830334,5.2366147510707375,0.4904416908510029,0.6242944458499551,4.189907026290894,1.0697357654571533,76.8567727804184,32 clients
c32_dirichlet0.5_fedavg_none_adamw,32,dirichlet,dirichlet α=0.5,0.5,fedavg,none,adamw,"adam(w), none",5.26153872013092,5.26153872013092,5.322607051730156,5.239002019166946,0.45959226675331594,0.5782236214727163,4.183547687530518,1.0779910326004023,78.34274695316951,32 clients
c32_dirichlet0.5_fedavg_none_sgd,32,dirichlet,dirichlet α=0.5,0.5,fedavg,none,sgd,"sgd, none",5.909965515136719,5.909965515136719,5.945364782512188,5.906924723088741,0.5056577191222459,0.6278692465275526,5.391976594924927,0.517988920211792,75.06147691408793,32 clients
c32_dirichlet2.0_fedadam_fedprox_adam,32,dirichlet,dirichlet α=2.0,2.0,fedadam,fedprox,adam,"adam(w), fedprox",5.181919908523559,5.181919908523559,5.286115017235279,5.164394418150187,0.45032340330071746,0.6192662715911865,4.190346670150757,0.9915732383728022,19.988512245814004,32 clients
c32_dirichlet2.0_fedadam_fedprox_adamw,32,dirichlet,dirichlet α=2.0,2.0,fedadam,fedprox,adamw,"adam(w), fedprox",5.1767683029174805,5.1767683029174805,5.285034582316875,5.160953088849783,0.45120597300119697,0.6195552097633481,4.180140590667724,0.9966277122497562,18.47175262371699,32 clients
c32_dirichlet2.0_fedadam_fedprox_sgd,32,dirichlet,dirichlet α=2.0,2.0,fedadam,fedprox,sgd,"sgd, fedprox",5.467507386207581,5.467507386207581,5.479376419484615,5.427281583100557,0.3282778409309685,0.5125502543523908,5.393066501617431,0.07444088459014964,20.61652021010717,32 clients
c32_dirichlet2.0_fedadam_none_adam,32,dirichlet,dirichlet α=2.0,2.0,fedadam,none,adam,"adam(w), none",6.1477388620376585,6.1477388620376585,6.162295836210252,6.0817845717072485,0.22284798929467797,0.2942880690097809,4.189949703216553,1.9577891588211056,14.21388350725174,32 clients
c32_dirichlet2.0_fedadam_none_adamw,32,dirichlet,dirichlet α=2.0,2.0,fedadam,none,adamw,"adam(w), none",6.146951198577881,6.146951198577881,6.162902861833572,6.082760052382946,0.2152921263128519,0.2841514367610216,4.1816184520721436,1.9653327465057373,14.335139604409536,32 clients
c32_dirichlet2.0_fedadam_none_sgd,32,dirichlet,dirichlet α=2.0,2.0,fedadam,none,sgd,"sgd, none",5.4545986413955685,5.4545986413955685,5.456856594979763,5.410791885852813,0.3271063275169581,0.5149971777573228,5.392978763580322,0.06161987781524658,14.342606894175212,32 clients
c32_dirichlet2.0_fedavg_fedprox_adam,32,dirichlet,dirichlet α=2.0,2.0,fedavg,fedprox,adam,"adam(w), fedprox",5.658866143226623,5.658866143226623,5.822498724460602,5.657238177210092,0.44217194742523136,0.5841224752366543,4.19166111946106,1.4672050237655636,19.376536122957866,32 clients
c32_dirichlet2.0_fedavg_fedprox_adamw,32,dirichlet,dirichlet α=2.0,2.0,fedavg,fedprox,adamw,"adam(w), fedprox",5.6602812051773075,5.6602812051773075,5.825921671092511,5.6594071261584755,0.4436370083130896,0.5871542738750577,4.181948518753051,1.478332686424256,32.270273649692534,32 clients
c32_dirichlet2.0_fedavg_fedprox_sgd,32,dirichlet,dirichlet α=2.0,2.0,fedavg,fedprox,sgd,"sgd, fedprox",5.9445067882537845,5.9445067882537845,6.0069553741812705,5.964850045740604,0.45118604018352926,0.6096598710864782,5.393317651748657,0.5511891365051271,17.763477210203806,32 clients
c32_dirichlet2.0_fedavg_none_adam,32,dirichlet,dirichlet α=2.0,2.0,fedavg,none,adam,"adam(w), none",5.237760257720947,5.237760257720947,5.335302177667618,5.263840686529875,0.4694042794406414,0.6309087304398417,4.190388584136963,1.0473716735839842,14.193511780103048,32 clients
c32_dirichlet2.0_fedavg_none_adamw,32,dirichlet,dirichlet α=2.0,2.0,fedavg,none,adamw,"adam(w), none",5.238537859916687,5.238537859916687,5.337540498673916,5.2657245606184,0.43398003559559584,0.5766511419788003,4.1824687957763675,1.0560690641403196,14.857882976531982,32 clients
c32_dirichlet2.0_fedavg_none_sgd,32,dirichlet,dirichlet α=2.0,2.0,fedavg,none,sgd,"sgd, none",5.9016107559204105,5.9016107559204105,5.958404724895954,5.926817072182894,0.4539474544581026,0.6139901001006365,5.393414115905761,0.5081966400146491,13.654208298524221,32 clients
c32_multi_language_fedadam_fedprox_adam,32,multi_language,multi_language,0.5,fedadam,fedprox,adam,"adam(w), fedprox",5.195315217971801,5.195315217971801,5.303824256956577,5.010744911432266,0.4254742045421153,0.6103829536587,4.1890233039855955,1.0062919139862059,17.55641917785009,32 clients
c32_multi_language_fedadam_fedprox_adamw,32,multi_language,multi_language,0.5,fedadam,fedprox,adamw,"adam(w), fedprox",5.19094705581665,5.19094705581665,5.303588559925556,5.008119904249906,0.4266481302678585,0.6114004924893379,4.181716394424439,1.0092306613922117,17.56917370557785,32 clients
c32_multi_language_fedadam_fedprox_sgd,32,multi_language,multi_language,0.5,fedadam,fedprox,sgd,"sgd, fedprox",5.489334225654602,5.489334225654602,5.504973045885563,5.2913035362958905,0.2836707749404013,0.4848614986985922,5.391381168365479,0.09795305728912318,16.78519303003947,32 clients
c32_multi_language_fedadam_none_adam,32,multi_language,multi_language,0.5,fedadam,none,adam,"adam(w), none",6.203746366500854,6.203746366500854,6.232744832634926,6.002979796379805,0.1645778809674084,0.23104928992688656,4.190259885787964,2.0134864807128903,13.186161398887634,32 clients
c32_multi_language_fedadam_none_adamw,32,multi_language,multi_language,0.5,fedadam,none,adamw,"adam(w), none",6.205531311035156,6.205531311035156,6.23237963438034,6.004612458497286,0.1578699627891183,0.22242214158177376,4.183208227157593,2.0223230838775637,13.65830142100652,32 clients
c32_multi_language_fedadam_none_sgd,32,multi_language,multi_language,0.5,fedadam,none,sgd,"sgd, none",5.482923293113709,5.482923293113709,5.486740370690822,5.277806140482426,0.2795593409799039,0.4859139807522297,5.393019437789917,0.08990385532379186,12.720389831066132,32 clients
c32_multi_language_fedavg_fedprox_adam,32,multi_language,multi_language,0.5,fedavg,fedprox,adam,"adam(w), fedprox",5.633579707145691,5.633579707145691,5.809117028415203,5.5126870453357695,0.416659709950909,0.5755318170413375,4.191086149215698,1.4424935579299927,17.356035796801248,32 clients
c32_multi_language_fedavg_fedprox_adamw,32,multi_language,multi_language,0.5,fedavg,fedprox,adamw,"adam(w), fedprox",5.634849166870117,5.634849166870117,5.812352902591229,5.514787843078375,0.41796675357036295,0.5782954189926386,4.182186079025269,1.452663087844848,17.565663250287376,32 clients
c32_multi_language_fedavg_fedprox_sgd,32,multi_language,multi_language,0.5,fedavg,fedprox,sgd,"sgd, fedprox",5.937113475799561,5.937113475799561,6.005396258234978,5.8301129706203945,0.4163369453977793,0.5988394608721137,5.394129896163941,0.5429835796356199,16.899922291437786,32 clients
c32_multi_language_fedavg_none_adam,32,multi_language,multi_language,0.5,fedavg,none,adam,"adam(w), none",5.228815388679505,5.228815388679505,5.341252912580967,5.13063580840826,0.4487001560162753,0.6271360060200095,4.189704275131225,1.0391111135482793,13.464698429902395,32 clients
c32_multi_language_fedavg_none_adamw,32,multi_language,multi_language,0.5,fedavg,none,adamw,"adam(w), none",5.22940764427185,5.22940764427185,5.343457509875297,5.132910896837711,0.41266617048531773,0.5700508626177907,4.183519983291626,1.045887660980224,14.393308778603872,32 clients
c32_multi_language_fedavg_none_sgd,32,multi_language,multi_language,0.5,fedavg,none,sgd,"sgd, none",5.894114661216736,5.894114661216736,5.9567365801334375,5.791752433031798,0.41966965547762813,0.6032644938677549,5.392277669906616,0.5018369913101193,12.588259160518646,32 clients
c32_single_language_fedadam_fedprox_adam,32,single_language,single_language,0.5,fedadam,fedprox,adam,"adam(w), fedprox",5.59506573677063,5.59506573677063,5.2104094323515895,5.108362546563148,0.5777621898800135,0.6861272696405649,4.189812135696411,1.405253601074219,17.84775293270747,32 clients
c32_single_language_fedadam_fedprox_adamw,32,single_language,single_language,0.5,fedadam,fedprox,adamw,"adam(w), fedprox",5.587285161018372,5.587285161018372,5.207733381688595,5.103761970996857,0.5778899798635393,0.6854307306930423,4.182061243057251,1.4052239179611208,18.542152301470438,32 clients
c32_single_language_fedadam_fedprox_sgd,32,single_language,single_language,0.5,fedadam,fedprox,sgd,"sgd, fedprox",5.8313143491745,5.8313143491745,5.420199002921581,5.369621113687754,0.5206740751396864,0.6726765586063266,5.393413162231445,0.4379011869430549,17.021529889106752,32 clients
c32_single_language_fedadam_none_adam,32,single_language,single_language,0.5,fedadam,none,adam,"adam(w), none",6.663299822807312,6.663299822807312,5.967744698822498,5.839347513765096,0.4302368955221027,0.4761330373585224,4.188675785064698,2.4746240377426147,13.741254262129466,32 clients
c32_single_language_fedadam_none_adamw,32,single_language,single_language,0.5,fedadam,none,adamw,"adam(w), none",6.673132681846619,6.673132681846619,5.973020988404751,5.84478168413043,0.41817637514323,0.4657124802470207,4.1800370693206785,2.4930956125259405,14.189048441251119,32 clients
c32_single_language_fedadam_none_sgd,32,single_language,single_language,0.5,fedadam,none,sgd,"sgd, none",5.785140419006348,5.785140419006348,5.394094679951668,5.353319539874793,0.5263274167198688,0.6775258416309953,5.392410707473755,0.39272971153259295,13.44493509531021,32 clients
c32_single_language_fedavg_fedprox_adam,32,single_language,single_language,0.5,fedavg,fedprox,adam,"adam(w), fedprox",6.262848615646362,6.262848615646362,5.859588105082512,5.679479644447565,0.5530840655788779,0.6431087534874678,4.189045572280884,2.073803043365478,18.079585635662077,32 clients
c32_single_language_fedavg_fedprox_adamw,32,single_language,single_language,0.5,fedavg,fedprox,adamw,"adam(w), fedprox",6.265168523788452,6.265168523788452,5.86351958066225,5.682060615718365,0.5540294440463185,0.6443896517157555,4.183203649520874,2.0819648742675776,17.8769278049469,32 clients
c32_single_language_fedavg_fedprox_sgd,32,single_language,single_language,0.5,fedavg,fedprox,sgd,"sgd, fedprox",6.354886698722839,6.354886698722839,5.963125911653042,5.899543185532093,0.5939545066095888,0.6853190110996366,5.394980478286743,0.9599062204360962,17.279056759675345,32 clients
c32_single_language_fedavg_none_adam,32,single_language,single_language,0.5,fedavg,none,adam,"adam(w), none",6.110881185531616,6.110881185531616,5.403452486097812,5.291350441426039,0.5053383654914796,0.5997462328523397,4.189898157119751,1.9209830284118645,13.309932140509288,32 clients
c32_single_language_fedavg_none_adamw,32,single_language,single_language,0.5,fedavg,none,adamw,"adam(w), none",6.111587285995483,6.111587285995483,5.403934542536735,5.291641346365214,0.48314545322209596,0.5693119950592518,4.184651327133179,1.9269359588623045,13.59629285732905,32 clients
c32_single_language_fedavg_none_sgd,32,single_language,single_language,0.5,fedavg,none,sgd,"sgd, none",6.313726806640625,6.313726806640625,5.914481281936169,5.862210692465306,0.5964890586212277,0.6887945421040058,5.3919719696044925,0.9217548370361328,12.770754806200664,32 clients
c4_dirichlet0.1_fedadam_fedprox_adam,4,dirichlet,dirichlet α=0.1,0.1,fedadam,fedprox,adam,"adam(w), fedprox",4.870304203033447,4.870304203033447,4.8726784610748295,4.784425389766692,0.3550895906984806,0.4171266108751297,4.18907675743103,0.681227445602417,7.038302536805471,4 clients
c4_dirichlet0.1_fedadam_fedprox_adamw,4,dirichlet,dirichlet α=0.1,0.1,fedadam,fedprox,adamw,"adam(w), fedprox",4.852621459960938,4.852621459960938,4.857384378910065,4.766659998893738,0.35566422194242475,0.41660334169864655,4.181029224395752,0.6715922355651855,7.005990823109944,4 clients
c4_dirichlet0.1_fedadam_fedprox_sgd,4,dirichlet,dirichlet α=0.1,0.1,fedadam,fedprox,sgd,"sgd, fedprox",5.491913604736328,5.491913604736328,5.438832178115844,5.402849942445755,0.31104665249586105,0.3668408691883087,5.394822692871093,0.09709091186523455,7.070174765586853,4 clients
c4_dirichlet0.1_fedadam_none_adam,4,dirichlet,dirichlet α=0.1,0.1,fedadam,none,adam,"adam(w), none",4.9643974781036375,4.9643974781036375,4.850901608467102,4.78986833691597,0.32418505623936655,0.37793944776058197,4.190570259094239,0.7738272190093989,6.6486030459403995,4 clients
c4_dirichlet0.1_fedadam_none_adamw,4,dirichlet,dirichlet α=0.1,0.1,fedadam,none,adamw,"adam(w), none",4.970063996315003,4.970063996315003,4.852756280899048,4.788541477918625,0.3120504759252071,0.3617318570613861,4.182506847381592,0.787557148933411,6.813481819629669,4 clients
c4_dirichlet0.1_fedadam_none_sgd,4,dirichlet,dirichlet α=0.1,0.1,fedadam,none,sgd,"sgd, none",5.471753835678101,5.471753835678101,5.422558410167694,5.388664209842682,0.3086210019886494,0.3690846115350723,5.391886234283447,0.07986760139465332,6.683455483118693,4 clients
c4_dirichlet0.1_fedavg_fedprox_adam,4,dirichlet,dirichlet α=0.1,0.1,fedavg,fedprox,adam,"adam(w), fedprox",5.378054571151734,5.378054571151734,5.361669986248016,5.1815330505371096,0.3885688230395317,0.448894239962101,4.1913434028625485,1.186711168289185,7.080898098150889,4 clients
c4_dirichlet0.1_fedavg_fedprox_adamw,4,dirichlet,dirichlet α=0.1,0.1,fedavg,fedprox,adamw,"adam(w), fedprox",5.383068871498108,5.383068871498108,5.369492380619049,5.181880927085876,0.388661415502429,0.4485076665878296,4.18369345664978,1.199375414848328,6.967968308925629,4 clients
c4_dirichlet0.1_fedavg_fedprox_sgd,4,dirichlet,dirichlet α=0.1,0.1,fedavg,fedprox,sgd,"sgd, fedprox",5.6964335441589355,5.6964335441589355,5.643003513813019,5.571306067705154,0.3774736821651459,0.4431135803461075,5.393600749969482,0.3028327941894533,6.978790112336477,4 clients
c4_dirichlet0.1_fedavg_none_adam,4,dirichlet,dirichlet α=0.1,0.1,fedavg,none,adam,"adam(w), none",4.611700201034546,4.611700201034546,4.538932707309723,4.450002813339234,0.3784336313605309,0.4471580535173416,4.189922571182251,0.4217776298522953,6.668800290425619,4 clients
c4_dirichlet0.1_fedavg_none_adamw,4,dirichlet,dirichlet α=0.1,0.1,fedavg,none,adamw,"adam(w), none",4.606827592849731,4.606827592849731,4.536239733695984,4.445747953653335,0.35892749205231667,0.420415535569191,4.184026288986206,0.4228013038635252,6.663371527194977,4 clients
c4_dirichlet0.1_fedavg_none_sgd,4,dirichlet,dirichlet α=0.1,0.1,fedavg,none,sgd,"sgd, none",5.641009831428528,5.641009831428528,5.591678364276886,5.524481636285782,0.3786412704735994,0.444164976477623,5.393654441833496,0.24735538959503245,6.566805028915406,4 clients
c4_dirichlet0.5_fedadam_fedprox_adam,4,dirichlet,dirichlet α=0.5,0.5,fedadam,fedprox,adam,"adam(w), fedprox",4.888089370727539,4.888089370727539,4.92034833431244,4.92179816365242,0.24827324971556664,0.3354918211698532,4.191574764251709,0.6965146064758301,6.974230611324311,4 clients
c4_dirichlet0.5_fedadam_fedprox_adamw,4,dirichlet,dirichlet α=0.5,0.5,fedadam,fedprox,adamw,"adam(w), fedprox",4.855243444442749,4.855243444442749,4.88860464811325,4.887987804412842,0.2499225601553917,0.3377108722925186,4.179744386672974,0.675499057769775,7.127050971984863,4 clients
c4_dirichlet0.5_fedadam_fedprox_sgd,4,dirichlet,dirichlet α=0.5,0.5,fedadam,fedprox,sgd,"sgd, fedprox",5.5136483669281,5.5136483669281,5.501411201953887,5.53290656208992,0.16480658948421478,0.21130909025669098,5.392103624343872,0.12154474258422798,7.137763814131419,4 clients
c4_dirichlet0.5_fedadam_none_adam,4,dirichlet,dirichlet α=0.5,0.5,fedadam,none,adam,"adam(w), none",4.9664732933044435,4.9664732933044435,4.94187953710556,4.97511003613472,0.2011159397661686,0.27003613114356995,4.189948034286499,0.7765252590179443,6.795310318470001,4 clients
c4_dirichlet0.5_fedadam_none_adamw,4,dirichlet,dirichlet α=0.5,0.5,fedadam,none,adamw,"adam(w), none",4.977010726928711,4.977010726928711,4.950651056766509,4.981185841560364,0.19265725687146187,0.2564510405063629,4.182255983352661,0.7947547435760498,6.776857300599416,4 clients
c4_dirichlet0.5_fedadam_none_sgd,4,dirichlet,dirichlet α=0.5,0.5,fedadam,none,sgd,"sgd, none",5.4973811388015745,5.4973811388015745,5.4900901627540595,5.522152239084243,0.16130392923951148,0.20935717225074768,5.393927192687988,0.1034539461135866,6.801442873477936,4 clients
c4_dirichlet0.5_fedavg_fedprox_adam,4,dirichlet,dirichlet α=0.5,0.5,fedavg,fedprox,adam,"adam(w), fedprox",5.193339252471924,5.193339252471924,5.312347657680511,5.24774284362793,0.2697599895298481,0.3560611456632614,4.1892557621002195,1.0040834903717046,6.898798366387685,4 clients
c4_dirichlet0.5_fedavg_fedprox_adamw,4,dirichlet,dirichlet α=0.5,0.5,fedavg,fedprox,adamw,"adam(w), fedprox",5.18934953212738,5.18934953212738,5.306078450679779,5.244493991136551,0.2709315061569214,0.3598501831293106,4.18076457977295,1.0085849523544308,6.995519705613455,4 clients
c4_dirichlet0.5_fedavg_fedprox_sgd,4,dirichlet,dirichlet α=0.5,0.5,fedavg,fedprox,sgd,"sgd, fedprox",5.5926511764526365,5.5926511764526365,5.638540437221527,5.672324025630951,0.2516975119709969,0.3439147472381592,5.390234851837159,0.20241632461547798,6.843250385920206,4 clients
c4_dirichlet0.5_fedavg_none_adam,4,dirichlet,dirichlet α=0.5,0.5,fedavg,none,adam,"adam(w), none",4.4693327188491825,4.4693327188491825,4.517238626480102,4.558122688531876,0.29256537854671477,0.3963167518377304,4.190018796920777,0.27931392192840576,6.626203227043152,4 clients
c4_dirichlet0.5_fedavg_none_adamw,4,dirichlet,dirichlet α=0.5,0.5,fedavg,none,adamw,"adam(w), none",4.460881328582763,4.460881328582763,4.509622204303741,4.55057812333107,0.2751326136291027,0.36999957263469696,4.183452701568603,0.27742862701416016,6.776933312416077,4 clients
c4_dirichlet0.5_fedavg_none_sgd,4,dirichlet,dirichlet α=0.5,0.5,fedavg,none,sgd,"sgd, none",5.545521354675293,5.545521354675293,5.589601075649262,5.63045352101326,0.2531493350863457,0.3466772735118866,5.3904918193817135,0.1550295352935791,6.629816885789236,4 clients
c4_dirichlet2.0_fedadam_fedprox_adam,4,dirichlet,dirichlet α=2.0,2.0,fedadam,fedprox,adam,"adam(w), fedprox",4.922659111022949,4.922659111022949,4.950244586467743,4.9253483593463905,0.18421096950769425,0.30488039553165436,4.189278888702392,0.733380222320557,6.820454847812653,4 clients
c4_dirichlet2.0_fedadam_fedprox_adamw,4,dirichlet,dirichlet α=2.0,2.0,fedadam,fedprox,adamw,"adam(w), fedprox",4.919468569755554,4.919468569755554,4.946808798313141,4.919890052080154,0.18193343579769133,0.3014417141675949,4.1817652702331545,0.7377032995223995,6.876092624664307,4 clients
c4_dirichlet2.0_fedadam_fedprox_sgd,4,dirichlet,dirichlet α=2.0,2.0,fedadam,fedprox,sgd,"sgd, fedprox",5.518835735321045,5.518835735321045,5.517396235466003,5.517095893621445,0.06835620179772377,0.12880796194076538,5.393012762069702,0.12582297325134295,8.256814130147298,4 clients
c4_dirichlet2.0_fedadam_none_adam,4,dirichlet,dirichlet α=2.0,2.0,fedadam,none,adam,"adam(w), none",5.2657554864883425,5.2657554864883425,5.220519595146179,5.18817076086998,0.10845804661512375,0.16815519332885742,4.18931827545166,1.0764372110366827,6.643882024288177,4 clients
c4_dirichlet2.0_fedadam_none_adamw,4,dirichlet,dirichlet α=2.0,2.0,fedadam,none,adamw,"adam(w), none",5.3312228441238405,5.3312228441238405,5.289748637676239,5.2553567588329315,0.10407463982701301,0.15790249407291412,4.183559370040894,1.1476634740829468,6.756233926614126,4 clients
c4_dirichlet2.0_fedadam_none_sgd,4,dirichlet,dirichlet α=2.0,2.0,fedadam,none,sgd,"sgd, none",5.49812126159668,5.49812126159668,5.495260787010193,5.496392029523849,0.06773883029818535,0.12789097428321838,5.392455148696899,0.10566611289978045,6.483196985721588,4 clients
c4_dirichlet2.0_fedavg_fedprox_adam,4,dirichlet,dirichlet α=2.0,2.0,fedavg,fedprox,adam,"adam(w), fedprox",5.172534704208374,5.172534704208374,5.282693023681641,5.20311176776886,0.20110938474535942,0.3270694315433502,4.189304399490356,0.9832303047180178,6.761473309993744,4 clients
c4_dirichlet2.0_fedavg_fedprox_adamw,4,dirichlet,dirichlet α=2.0,2.0,fedavg,fedprox,adamw,"adam(w), fedprox",5.165747022628784,5.165747022628784,5.282424588203431,5.198131108283997,0.20356489717960358,0.3288547247648239,4.180057382583618,0.985689640045166,6.780720730622609,4 clients
c4_dirichlet2.0_fedavg_fedprox_sgd,4,dirichlet,dirichlet α=2.0,2.0,fedavg,fedprox,sgd,"sgd, fedprox",5.571070504188538,5.571070504188538,5.617543752193451,5.609757912158966,0.17358618825674058,0.30654728412628174,5.392607641220093,0.17846286296844482,6.633080387115479,4 clients
c4_dirichlet2.0_fedavg_none_adam,4,dirichlet,dirichlet α=2.0,2.0,fedavg,none,adam,"adam(w), none",4.446316432952881,4.446316432952881,4.487705998420715,4.502630198001862,0.24613424018025398,0.38023456931114197,4.188895034790039,0.25742139816284215,7.10018158753713,4 clients
c4_dirichlet2.0_fedavg_none_adamw,4,dirichlet,dirichlet α=2.0,2.0,fedavg,none,adamw,"adam(w), none",4.441119146347046,4.441119146347046,4.484255728721619,4.496568089723587,0.23122771680355073,0.35586443543434143,4.18011245727539,0.2610066890716558,6.839885075887044,4 clients
c4_dirichlet2.0_fedavg_none_sgd,4,dirichlet,dirichlet α=2.0,2.0,fedavg,none,sgd,"sgd, none",5.52818124294281,5.52818124294281,5.5705406284332275,5.56543345451355,0.17414695844054223,0.30921994149684906,5.395347690582275,0.13283355236053485,6.496458049615224,4 clients
c4_multi_language_fedadam_fedprox_adam,4,multi_language,multi_language,0.5,fedadam,fedprox,adam,"adam(w), fedprox",4.930856728553772,4.930856728553772,4.969059779644013,4.706359666585922,0.16684137284755707,0.29100245237350464,4.188484382629395,0.7423723459243776,6.938729826609293,4 clients
c4_multi_language_fedadam_fedprox_adamw,4,multi_language,multi_language,0.5,fedadam,fedprox,adamw,"adam(w), fedprox",4.915091395378113,4.915091395378113,4.9539605903625485,4.6904723167419435,0.16705673933029175,0.29081572592258453,4.182346773147583,0.7327446222305296,7.02739957968394,4 clients
c4_multi_language_fedadam_fedprox_sgd,4,multi_language,multi_language,0.5,fedadam,fedprox,sgd,"sgd, fedprox",5.529206871986389,5.529206871986389,5.536375956535339,5.326653081178666,0.04226388782262802,0.10225902497768402,5.391247701644898,0.13795917034149152,6.980917147795359,4 clients
c4_multi_language_fedadam_none_adam,4,multi_language,multi_language,0.5,fedadam,none,adam,"adam(w), none",5.385481286048889,5.385481286048889,5.359249420166016,5.109918195009231,0.09255068376660347,0.14795023202896118,4.189884328842163,1.1955969572067255,6.775488225618998,4 clients
c4_multi_language_fedadam_none_adamw,4,multi_language,multi_language,0.5,fedadam,none,adamw,"adam(w), none",5.416648244857788,5.416648244857788,5.394122815132142,5.146645575761795,0.08928140699863434,0.14461982250213623,4.183797121047974,1.232851123809814,6.679359141985575,4 clients
c4_multi_language_fedadam_none_sgd,4,multi_language,multi_language,0.5,fedadam,none,sgd,"sgd, none",5.509057927131653,5.509057927131653,5.512840967178344,5.302733683586121,0.042048805952072145,0.10231482982635498,5.393306827545166,0.115751099586487,6.727320075035095,4 clients
c4_multi_language_fedavg_fedprox_adam,4,multi_language,multi_language,0.5,fedavg,fedprox,adam,"adam(w), fedprox",5.163636183738708,5.163636183738708,5.280312788486481,4.991872787475586,0.18829789608716965,0.3236474245786667,4.191733407974243,0.9719027757644652,6.818578485647837,4 clients
c4_multi_language_fedavg_fedprox_adamw,4,multi_language,multi_language,0.5,fedavg,fedprox,adamw,"adam(w), fedprox",5.169600200653076,5.169600200653076,5.289118010997773,4.997598975896835,0.18544455617666245,0.3203120827674866,4.1828607559204105,0.9867394447326658,6.821978378295898,4 clients
c4_multi_language_fedavg_fedprox_sgd,4,multi_language,multi_language,0.5,fedavg,fedprox,sgd,"sgd, fedprox",5.567696619033813,5.567696619033813,5.618605229854584,5.409496760368347,0.15481527522206306,0.29602865874767303,5.392251825332641,0.17544479370117205,6.747312676906586,4 clients
c4_multi_language_fedavg_none_adam,4,multi_language,multi_language,0.5,fedavg,none,adam,"adam(w), none",4.446937918663025,4.446937918663025,4.495229103565216,4.261152338981628,0.238950527459383,0.37469278275966644,4.189162874221802,0.2577750444412228,6.588815478483836,4 clients
c4_multi_language_fedavg_none_adamw,4,multi_language,multi_language,0.5,fedavg,none,adamw,"adam(w), none",4.446610617637634,4.446610617637634,4.496584219932556,4.263703441619873,0.22162273973226548,0.34653861820697784,4.181414222717285,0.2651963949203493,6.955858131249745,4 clients
c4_multi_language_fedavg_none_sgd,4,multi_language,multi_language,0.5,fedavg,none,sgd,"sgd, none",5.52370433807373,5.52370433807373,5.571006708145141,5.36045413017273,0.1553996369242668,0.2986691892147064,5.392784833908081,0.13091950416564924,6.486646831035614,4 clients
c4_single_language_fedadam_fedprox_adam,4,single_language,single_language,0.5,fedadam,fedprox,adam,"adam(w), fedprox",5.288873457908631,5.288873457908631,4.810054454803467,4.706163382530212,0.4417292233556509,0.49046844244003296,4.19109206199646,1.097781395912171,6.933897487322489,4 clients
c4_single_language_fedadam_fedprox_adamw,4,single_language,single_language,0.5,fedadam,fedprox,adamw,"adam(w), fedprox",5.27119026184082,5.27119026184082,4.813893308639527,4.706439048051834,0.4424939200282097,0.48751090466976166,4.183653116226196,1.0875371456146237,6.971146003405253,4 clients
c4_single_language_fedadam_fedprox_sgd,4,single_language,single_language,0.5,fedadam,fedprox,sgd,"sgd, fedprox",5.870229315757752,5.870229315757752,5.44236882686615,5.3744678616523744,0.44619815051555634,0.5719542130827904,5.393103885650635,0.47712543010711705,6.8278245290120445,4 clients
c4_single_language_fedadam_none_adam,4,single_language,single_language,0.5,fedadam,none,adam,"adam(w), none",5.6595374584198,5.6595374584198,4.885890498161316,4.765033274888992,0.40463768765330316,0.46926070749759674,4.189349222183227,1.4701882362365728,6.702164447307586,4 clients
c4_single_language_fedadam_none_adamw,4,single_language,single_language,0.5,fedadam,none,adamw,"adam(w), none",5.675756335258484,5.675756335258484,4.888029139041901,4.76556521654129,0.38979181125760076,0.44740015268325806,4.182055282592773,1.4937010526657106,6.688842729727427,4 clients
c4_single_language_fedadam_none_sgd,4,single_language,single_language,0.5,fedadam,none,sgd,"sgd, none",5.809211492538452,5.809211492538452,5.420624051094054,5.359709191322327,0.4544539000838995,0.5796115323901176,5.391125583648682,0.41808590888977015,6.697348594665527,4 clients
c4_single_language_fedavg_fedprox_adam,4,single_language,single_language,0.5,fedavg,fedprox,adam,"adam(w), fedprox",5.837111902236939,5.837111902236939,5.364236664772034,5.16687348484993,0.47846443615853784,0.5323699116706848,4.190189933776855,1.6469219684600835,7.008700815836589,4 clients
c4_single_language_fedavg_fedprox_adamw,4,single_language,single_language,0.5,fedavg,fedprox,adamw,"adam(w), fedprox",5.839659380912781,5.839659380912781,5.369410557746887,5.165236800909042,0.47854252308607104,0.5322989597916603,4.183363389968872,1.6562959909439083,6.82316327492396,4 clients
c4_single_language_fedavg_fedprox_sgd,4,single_language,single_language,0.5,fedavg,fedprox,sgd,"sgd, fedprox",6.089951753616333,6.089951753616333,5.620854771137238,5.5226305544376375,0.47333810701966283,0.5275061205029488,5.393798923492431,0.6961528301239017,6.849687405427297,4 clients
c4_single_language_fedavg_none_adam,4,single_language,single_language,0.5,fedavg,none,adam,"adam(w), none",5.388588452339173,5.388588452339173,4.569653632640839,4.45054195523262,0.43659711703658105,0.5018591731786728,4.189065933227539,1.1995225191116337,6.618607199192047,4 clients
c4_single_language_fedavg_none_adamw,4,single_language,single_language,0.5,fedavg,none,adamw,"adam(w), none",5.385009217262268,5.385009217262268,4.5662826275825505,4.445296663045883,0.41808966249227525,0.4751359671354294,4.18140754699707,1.203601670265198,6.74513555765152,4 clients
c4_single_language_fedavg_none_sgd,4,single_language,single_language,0.5,fedavg,none,sgd,"sgd, none",6.0560027122497555,6.0560027122497555,5.576815755367279,5.483701562881469,0.47677812576293943,0.5302240177989006,5.393339395523071,0.6626633167266842,6.551968161265055,4 clients
